{
  "project_info": {
    "project_number": "939053162528",
    "project_id": "elevate-4ff37",
    "storage_bucket": "elevate-4ff37.appspot.com"
  },
  "client": [
    {
      "client_info": {
        "mobilesdk_app_id": "1:939053162528:android:84adf237ae075694b59c45",
        "android_client_info": {
          "package_name": "com.g18.elevate"
        }
      },
      "oauth_client": [
        {
          "client_id": "939053162528-8vfp4099mnofelb553fk1hlepbshus5l.apps.googleusercontent.com",
          "client_type": 1,
          "android_info": {
            "package_name": "com.g18.elevate",
            "certificate_hash": "9bbb3186b2189ef16d8f272bdab59362c395cbb4"
          }
        },
        {
          "client_id": "939053162528-mu6u6sddgor9sjhfh49f5br3o3ge9st6.apps.googleusercontent.com",
          "client_type": 3
        }
      ],
      "api_key": [
        {
          "current_key": "AIzaSyBjeke37NTkBFAFNixaeYICIoYW-BAxeUs"
        }
      ],
      "services": {
        "appinvite_service": {
          "other_platform_oauth_client": [
            {
              "client_id": "939053162528-mu6u6sddgor9sjhfh49f5br3o3ge9st6.apps.googleusercontent.com",
              "client_type": 3
            },
            {
              "client_id": "939053162528-2qftfq6m378sh1scmrp1j7fod4lrbccq.apps.googleusercontent.com",
              "client_type": 2,
              "ios_info": {
                "bundle_id": "com.g18.elevate"
              }
            }
          ]
        }
      }
    }
  ],
  "configuration_version": "1"
}