{
  "project_info": {
    "project_number": "635480228211",
    "project_id": "elevate-p12mni",
    "storage_bucket": "elevate-p12mni.appspot.com"
  },
  "client": [
    {
      "client_info": {
        "mobilesdk_app_id": "1:635480228211:android:db1e5d88e495a4b523c506",
        "android_client_info": {
          "package_name": "com.g18.elevate"
        }
      },
      "oauth_client": [],
      "api_key": [
        {
          "current_key": "AIzaSyCSMXaDH5jqoIyEVbMWUqWvhcrhPvO5p7s"
        }
      ],
      "services": {
        "appinvite_service": {
          "other_platform_oauth_client": []
        }
      }
    }
  ],
  "configuration_version": "1"
}