{
  "indexes": [
    {
      "collectionGroup": "JobPositionRecommendation",
      "queryScope": "COLLECTION",
      "fields": [
        {
          "fieldPath": "JobseekerID",
          "order": "ASCENDING"
        },
        {
          "fieldPath": "Timestamp",
          "order": "DESCENDING"
        }
      ]
    },
    {
      "collectionGroup": "SkillRecommendation",
      "queryScope": "COLLECTION",
      "fields": [
        {
          "fieldPath": "JobseekerID",
          "order": "ASCENDING"
        },
        {
          "fieldPath": "Timestamp",
          "order": "DESCENDING"
        }
      ]
    },
    {
      "collectionGroup": "Quiz",
      "queryScope": "COLLECTION",
      "fields": [
        {
          "fieldPath": "Skill",
          "order": "ASCENDING"
        },
        {
          "fieldPath": "correctAnswers",
          "order": "DESCENDING"
        }
      ]
    }
  ],
  "fieldOverrides": [
    {
      "collectionGroup": "fcm_tokens",
      "fieldPath": "fcm_token",
      "indexes": [
        {
          "order": "ASCENDING",
          "queryScope": "COLLECTION_GROUP"
        }
      ]
    }
  ]
}